id,first_name,last_name,email,state
1,Eddie,Tillard,etillard0@npr.org,ND
2,Nerita,Lilliman,nlilliman1@wikispaces.com,VA
3,Moselle,Kenington,mkenington2@ovh.net,FL
4,Xylia,Varden,xvarden3@nsw.gov.au,FL
5,Iormina,Isaaksohn,iisaaksohn4@sun.com,FL
6,Marie-ann,Govan,mgovan5@addthis.com,ID
7,Clerkclaude,Loomis,cloomis6@amazon.co.uk,KY
8,Marlon,Rastall,mrastall7@issuu.com,TX
9,Darryl,Nattrass,dnattrass8@hatena.ne.jp,MO
10,Hali,Anscott,hanscott9@webmd.com,TX
11,Daniela,Aherne,dahernea@skype.com,FL
12,Konrad,Thames,kthamesb@wix.com,CA
13,Ingelbert,Padell,ipadellc@jalbum.net,NV
14,Niel,Barham,nbarhamd@archive.org,KY
15,Templeton,Pinkie,tpinkiee@jugem.jp,OR
16,Margeaux,Espinel,mespinelf@ask.com,PA
17,Abbi,Bernot,abernotg@pagesperso-orange.fr,IN
18,Gerry,Pengelly,gpengellyh@homestead.com,VA
19,Pennie,Bridgnell,pbridgnelli@google.cn,CA
20,Phoebe,Rushmere,prushmerej@icq.com,SC
21,Gusta,Bebbell,gbebbellk@sohu.com,IL
22,Daffi,Belshaw,dbelshawl@va.gov,FL
23,Frieda,Veasey,fveaseym@eventbrite.com,MD
24,Nadine,Overstreet,noverstreetn@imageshack.us,CT
25,Rawley,Quennell,rquennello@jiathis.com,TX
26,Delora,Kynastone,dkynastonep@economist.com,AZ
27,Gisela,Perutto,gperuttoq@topsy.com,CA
28,Adela,Burghall,aburghallr@tuttocitta.it,NY
29,Bliss,Nottram,bnottrams@squarespace.com,NV
30,Simone,Cowpland,scowplandt@mysql.com,TX
31,Karlens,Gratrix,kgratrixu@constantcontact.com,TX
32,Sissie,Fucher,sfucherv@slate.com,CA
33,Luciana,Hoyle,lhoylew@canalblog.com,KS
34,Kleon,Cicccitti,kcicccittix@yahoo.co.jp,MN
35,Laverne,Phillipson,lphillipsony@infoseek.co.jp,CA
36,Isabel,Kaines,ikainesz@reddit.com,CO
37,Mitch,Adenot,madenot10@who.int,TX
38,Eugen,Collihole,ecollihole11@etsy.com,OK
39,Ashien,Comley,acomley12@shinystat.com,OK
40,Guilbert,Gegg,ggegg13@sakura.ne.jp,MN
41,Delphine,Ferrand,dferrand14@mlb.com,NV
42,Gerda,Bolte,gbolte15@constantcontact.com,CA
43,Zandra,Giovannoni,zgiovannoni16@surveymonkey.com,CA
44,Karoly,Maylard,kmaylard17@wunderground.com,TX
45,Emalia,Baselli,ebaselli18@chron.com,CA
46,Breanne,Gullan,bgullan19@mozilla.org,MA
47,John,Pitson,jpitson1a@google.es,FL
48,Filippa,Valentetti,fvalentetti1b@mlb.com,CO
49,Loleta,Perring,lperring1c@reference.com,TX
50,Sean,Agge,sagge1d@va.gov,CO
